year,start,mid,end
2018,2739333.779955044,2784417.914297347,2788968.1540586385
2019,2851552.0755932867,2920825.603936137,2967054.777803589
2020,3009703.9433338274,3098611.6027258444,3128588.659203053
2021,3154079.914619044,3202261.1293551493,3236410.2514570174
2022,3356239.3364698347,3470462.3711375133,3563509.924812084
